ID,Name,Event,Status,Conclusion,Created At,Updated At,Duration (seconds)

"17495921020","GitHub Actions Metrics","workflow_dispatch","in_progress","null","2025-09-05T14:22:45Z","2025-09-05T14:22:48Z","3"
"17495889396","GitHub Actions Metrics","workflow_dispatch","completed","failure","2025-09-05T14:21:33Z","2025-09-05T14:21:42Z","9"
"17495639292","Commit Logger","workflow_dispatch","completed","success","2025-09-05T14:12:03Z","2025-09-05T14:12:36Z","33"
"17495540452","Commit Logger","schedule","completed","failure","2025-09-05T14:08:11Z","2025-09-05T14:08:36Z","25"
"17495106027","Commit Logger","workflow_dispatch","completed","success","2025-09-05T13:50:08Z","2025-09-05T13:50:22Z","14"
"17460768280","Commit Logger","schedule","completed","success","2025-09-04T10:19:55Z","2025-09-04T10:20:03Z","8"
"17460121930","Commit Logger","schedule","completed","success","2025-09-04T09:53:41Z","2025-09-04T09:53:52Z","11"
"17459834256","Commit Logger","schedule","completed","success","2025-09-04T09:41:28Z","2025-09-04T09:41:38Z","10"
"17459449219","Commit Logger","schedule","completed","success","2025-09-04T09:25:56Z","2025-09-04T09:26:03Z","7"
"17458689266","Commit Logger","schedule","completed","success","2025-09-04T08:56:17Z","2025-09-04T08:56:29Z","12"
"17458386087","Commit Logger","schedule","completed","success","2025-09-04T08:43:52Z","2025-09-04T08:44:00Z","8"
"17457833931","Commit Logger","schedule","completed","success","2025-09-04T08:21:06Z","2025-09-04T08:21:13Z","7"
"17457812003","Commit Logger","workflow_dispatch","completed","success","2025-09-04T08:20:14Z","2025-09-04T08:20:24Z","10"
"17457187703","Commit Logger","workflow_dispatch","completed","success","2025-09-04T07:54:28Z","2025-09-04T07:54:36Z","8"
"17457139105","Commit Logger","schedule","completed","success","2025-09-04T07:52:09Z","2025-09-04T07:52:16Z","7"
"17457036424","Commit Logger","workflow_dispatch","completed","success","2025-09-04T07:47:26Z","2025-09-04T07:47:34Z","8"
"17496522403","GitHub Actions Metrics","workflow_dispatch","in_progress","null","2025-09-05T14:47:09Z","2025-09-05T14:47:12Z","3"
"17496461455","Commit Logger","schedule","completed","success","2025-09-05T14:44:38Z","2025-09-05T14:45:07Z","29"
"17496126879","Commit Logger","schedule","completed","success","2025-09-05T14:30:54Z","2025-09-05T14:31:26Z","32"
"17495921020","GitHub Actions Metrics","workflow_dispatch","completed","success","2025-09-05T14:22:45Z","2025-09-05T14:22:52Z","7"
"17495889396","GitHub Actions Metrics","workflow_dispatch","completed","failure","2025-09-05T14:21:33Z","2025-09-05T14:21:42Z","9"
"17495639292","Commit Logger","workflow_dispatch","completed","success","2025-09-05T14:12:03Z","2025-09-05T14:12:36Z","33"
"17495540452","Commit Logger","schedule","completed","failure","2025-09-05T14:08:11Z","2025-09-05T14:08:36Z","25"
"17495106027","Commit Logger","workflow_dispatch","completed","success","2025-09-05T13:50:08Z","2025-09-05T13:50:22Z","14"
"17460768280","Commit Logger","schedule","completed","success","2025-09-04T10:19:55Z","2025-09-04T10:20:03Z","8"
"17460121930","Commit Logger","schedule","completed","success","2025-09-04T09:53:41Z","2025-09-04T09:53:52Z","11"
"17459834256","Commit Logger","schedule","completed","success","2025-09-04T09:41:28Z","2025-09-04T09:41:38Z","10"
"17459449219","Commit Logger","schedule","completed","success","2025-09-04T09:25:56Z","2025-09-04T09:26:03Z","7"
"17458689266","Commit Logger","schedule","completed","success","2025-09-04T08:56:17Z","2025-09-04T08:56:29Z","12"
"17458386087","Commit Logger","schedule","completed","success","2025-09-04T08:43:52Z","2025-09-04T08:44:00Z","8"
"17457833931","Commit Logger","schedule","completed","success","2025-09-04T08:21:06Z","2025-09-04T08:21:13Z","7"
"17457812003","Commit Logger","workflow_dispatch","completed","success","2025-09-04T08:20:14Z","2025-09-04T08:20:24Z","10"
"17457187703","Commit Logger","workflow_dispatch","completed","success","2025-09-04T07:54:28Z","2025-09-04T07:54:36Z","8"
"17457139105","Commit Logger","schedule","completed","success","2025-09-04T07:52:09Z","2025-09-04T07:52:16Z","7"
"17457036424","Commit Logger","workflow_dispatch","completed","success","2025-09-04T07:47:26Z","2025-09-04T07:47:34Z","8"